City_ID,City,Cloudiness,Country,Date,Humidity,Lat,Lng,Max Temp,Wind Speed
0,sabang,100,ID,1686504984,79,5.8933,95.3214,83.53,21.32
1,tiksi,100,RU,1686504984,98,71.6872,128.8694,30.85,15.1
2,longyearbyen,75,SJ,1686504984,75,78.2186,15.6401,40.84,12.66
3,chisec,92,GT,1686504984,31,15.8167,-90.2833,97.03,4.52
4,port mathurin,45,CD,1686504985,56,-7.0349,29.7638,78.49,1.79
5,badger,0,US,1686504985,42,64.8,-147.5333,62.51,13.8
6,papatowai,16,NZ,1686504985,90,-46.5619,169.4708,46.62,9.44
7,kapuskasing,75,CA,1686504896,57,49.4169,-82.4331,50.09,6.91
8,mugia,94,ES,1686504985,82,43.1041,-9.2179,73.17,8.61
9,altay,89,CN,1686504986,65,47.8667,88.1167,67.53,6.82
10,cascais,20,PT,1686504986,82,38.6979,-9.4215,76.51,13.0
11,ewo,78,CG,1686504986,80,-0.8725,14.8206,77.32,5.66
12,ust-nera,82,RU,1686504986,64,64.5667,143.2,59.05,8.57
13,hasaki,100,JP,1686504987,96,35.7333,140.8333,68.4,6.98
14,adamstown,72,PN,1686504987,62,-25.066,-130.1015,69.33,16.8
15,avarua,1,CK,1686504987,100,-21.2078,-159.775,69.85,3.44
16,puerto natales,0,ES,1686504881,60,36.5939,-6.233,80.62,17.27
17,minas de marcona,51,UY,1686504987,60,-34.3759,-55.2377,48.9,12.77
18,cavelossim,65,IN,1686504988,82,15.1726,73.9419,82.38,11.34
19,invercargill,33,NZ,1686504988,91,-46.4,168.35,43.48,8.34
20,georgetown,20,MY,1686504846,85,5.4112,100.3354,84.13,3.44
21,pajan,97,EC,1686504989,79,-1.5667,-80.4167,82.22,1.92
22,vadso,0,NO,1686504989,47,70.0744,29.7487,70.68,12.66
23,thompson,75,CA,1686504989,43,55.7435,-97.8558,73.56,8.05
24,edinburgh of the seven seas,20,GB,1686504989,84,55.9521,-3.1965,71.73,11.5
25,iskateley,96,RU,1686504990,63,67.6803,53.1512,37.58,11.1
26,bang pakong,96,CM,1686504990,55,9.8732,13.9831,86.43,3.91
27,damoh,39,IN,1686504990,19,23.8333,79.45,98.37,5.41
28,punta arenas,99,PH,1686504990,90,8.9897,125.34,77.31,4.09
29,laguna,0,US,1686504991,63,38.421,-121.4238,77.02,8.05
30,poronaysk,99,RU,1686504991,98,49.2167,143.1167,48.16,1.5
31,waitangi,100,NZ,1686504991,79,-43.9535,-176.5597,49.82,15.08
32,pisco,75,PE,1686504880,60,-13.7,-76.2167,73.45,9.22
33,margaret river,61,US,1686504991,60,33.6862,-86.475,88.2,1.01
34,geraldton,75,AU,1686504992,82,-28.7667,114.6,54.01,0.0
35,grytviken,97,GS,1686504992,86,-54.2811,-36.5092,28.47,11.9
36,jamestown,40,US,1686504876,41,42.097,-79.2353,80.53,9.22
37,keflavik,75,IS,1686504993,71,64.0049,-22.5624,49.91,17.27
38,dadukou,100,CN,1686504993,90,26.5479,101.7054,63.23,1.1
39,nadym,75,RU,1686504993,56,65.5333,72.5167,48.2,11.99
40,banff,96,CA,1686504993,55,51.1762,-115.5698,66.58,3.44
41,attapeu,100,LA,1686504994,99,14.8,106.8333,75.67,2.95
42,covington,100,US,1686504704,89,39.0837,-84.5086,71.24,12.66
43,touros,39,BR,1686504994,77,-5.1989,-35.4608,81.0,12.5
44,durant,0,US,1686504902,56,33.994,-96.3708,92.48,3.44
45,ambam,92,CM,1686504995,95,2.3833,11.2833,70.93,3.38
46,san patricio,85,ML,1686504995,49,13.3034,-4.8956,83.05,16.22
47,ilulissat,100,GL,1686504995,93,69.2167,-51.1,32.02,4.61
48,ghat,54,LY,1686504995,18,24.9647,10.1728,94.48,23.76
49,bethel,0,US,1686504933,52,41.3712,-73.414,84.34,9.22
50,shalqar,6,KZ,1686504996,18,47.8333,59.6,78.03,10.56
51,tual,98,ID,1686504996,80,-5.6667,132.75,81.01,18.81
52,ust-tsilma,98,RU,1686504997,68,65.441,52.1498,41.31,3.74
53,labytnangi,100,RU,1686504997,87,66.6572,66.4183,39.13,12.44
54,north ward,63,FR,1686504997,78,50.3333,3.6667,78.15,3.78
55,posto fiscal rolim de moura,18,BR,1686504997,51,-8.1903,-36.7017,77.95,15.88
56,petropavlovsk-kamchatsky,0,RU,1686504998,70,53.0452,158.6483,43.39,8.95
57,uturoa,52,PF,1686504998,63,-16.7333,-151.4333,79.99,16.84
58,port douglas,45,CD,1686504998,56,-7.0349,29.7638,78.49,1.79
59,zinder,20,NE,1686504998,46,13.8072,8.9881,91.36,6.91
60,enewetak,99,MH,1686504999,80,11.3474,162.3373,82.18,16.13
61,dili,100,TL,1686504999,63,-8.5586,125.5736,76.5,4.38
62,port-aux-francais,97,TF,1686504999,85,-49.35,70.2167,41.76,38.36
63,port augusta,45,CD,1686504999,56,-7.0349,29.7638,78.49,1.79
64,tazacorte,40,ES,1686505000,87,28.629,-17.9293,76.17,7.0
65,zeya,75,RU,1686505000,69,53.75,127.2667,61.86,2.57
66,isafjordur,0,IS,1686505000,35,66.0755,-23.124,57.24,17.27
67,ushuaia,100,AR,1686505000,75,-54.8,-68.3,35.26,24.16
68,yellowknife,100,CA,1686504995,87,62.456,-114.3525,46.56,23.02
69,praia da vitoria,0,CV,1686505001,51,14.9215,-23.5087,86.54,25.32
70,san jose de jachal,85,ML,1686505001,49,13.3034,-4.8956,83.05,16.22
71,bariadi,94,TZ,1686505002,44,-2.8,33.9833,74.23,3.71
72,piti village,99,SL,1686505002,93,8.6953,-11.7017,75.67,3.02
73,kingston,20,JM,1686504873,68,17.997,-76.7936,90.25,19.57
74,ebon,97,MH,1686505002,77,4.582,168.6964,82.71,16.13
75,puerto ayora,0,ES,1686504881,60,36.5939,-6.233,80.62,17.27
76,kailua-kona,40,US,1686504765,90,19.6406,-155.9956,75.22,5.75
77,kenai,100,US,1686505003,64,60.5544,-151.2583,50.14,13.8
78,bilibino,100,RU,1686505003,65,68.0546,166.4372,57.96,1.32
79,haiku-pauwela,0,US,1686504800,69,20.9219,-156.3051,75.22,17.27
80,chebba,5,TN,1686505004,74,35.2372,11.115,74.07,13.18
81,sitka,75,US,1686504797,71,57.0531,-135.33,53.49,0.0
82,tanjung selor,80,ID,1686505004,84,-8.356,116.1565,76.17,2.93
83,island harbour,100,US,1686505004,90,48.1331,-122.5846,63.9,11.01
84,ukata,98,NG,1686505005,75,10.8312,5.8249,79.14,6.26
85,mogoytuy,0,RU,1686505005,54,51.2833,114.9167,60.21,2.37
86,iqaluit,100,CA,1686505005,81,63.7506,-68.5145,37.13,13.8
87,selfoss,63,IS,1686505005,67,63.9331,-20.9971,50.11,15.5
88,natal,75,BR,1686504983,89,-5.795,-35.2094,79.02,12.66
89,harstad,99,NO,1686505006,91,68.799,16.5293,52.16,28.01
90,wailua homesteads,20,US,1686505006,85,22.0492,-159.3352,77.34,11.5
91,lebu,27,CL,1686505006,65,-37.6167,-73.65,49.35,21.39
92,hamilton,100,US,1686505004,93,39.1834,-84.5333,70.77,12.66
93,ancud,91,CL,1686505007,73,-41.8697,-73.8203,46.78,1.77
94,malango,97,ID,1686505007,98,-2.9627,119.9001,67.37,1.05
95,mar del plata,20,ES,1686505007,94,43.4002,-4.0094,70.14,6.91
96,marat,1,SA,1686505008,11,25.0701,45.4615,98.46,10.54
97,ribeira grande,20,ES,1686505008,56,42.7461,-8.4439,73.33,8.05
98,salinopolis,9,BR,1686505008,71,-0.6136,-47.3561,84.18,11.68
99,siem reap,2,DK,1686505009,59,56.8206,10.0122,69.39,10.58
100,murcki,22,PL,1686505009,54,50.2004,19.0435,67.77,10.94
101,albany,100,US,1686505009,44,42.6001,-73.9662,82.44,4.0
102,west island,75,US,1686505010,63,31.8024,-97.0917,91.89,4.0
103,hilo,75,US,1686504786,83,19.7297,-155.09,74.62,4.61
104,fortuna,100,US,1686505010,100,40.5982,-124.1573,55.74,4.61
105,tura,21,IN,1686505010,95,25.5198,90.2201,74.64,5.26
106,tamiahua,94,MX,1686505011,69,21.2667,-97.45,89.28,10.74
107,colindres,86,ES,1686505011,87,43.3864,-3.4353,75.72,4.54
108,kresek,17,ID,1686505003,82,-6.1314,106.3797,81.1,3.47
109,saint-joseph,30,RE,1686505011,78,-21.3667,55.6167,71.98,3.58
110,susuman,53,RU,1686505012,57,62.7833,148.1667,55.94,4.29
111,belmonte,8,BR,1686505012,65,-15.8631,-38.8828,79.81,7.56
112,dali,100,CN,1686505012,92,25.7,100.1833,57.58,3.02
113,harper,99,LR,1686505013,81,4.375,-7.7169,78.31,12.03
114,port elizabeth,45,CD,1686504999,56,-7.0349,29.7638,78.49,1.79
115,vorgashor,100,RU,1686505013,77,67.5833,63.95,35.04,21.32
116,chonchi,95,CL,1686504753,81,-42.6128,-73.8092,50.13,4.43
117,nemuro,100,JP,1686505014,99,43.3236,145.575,52.68,9.37
118,whitehorse,75,CA,1686505015,50,60.7161,-135.0538,54.1,11.5
119,mejit,63,MH,1686505016,81,10.2753,170.8646,81.68,16.89
120,fale old settlement,100,NO,1686505016,62,62.6287,8.8645,67.08,4.99
121,aral,1,CN,1686505016,13,40.5156,81.2636,87.48,10.98
122,vytegra,20,RU,1686505016,63,61.0064,36.4481,53.83,4.63
123,aasiaat,100,GL,1686505017,96,68.7098,-52.8699,34.25,12.97
124,saint-philippe,53,RE,1686505017,78,-21.3585,55.7679,72.99,7.49
125,tralee,75,IE,1686505017,73,52.2704,-9.7026,68.25,8.05
126,arraial do cabo,14,BR,1686505017,47,-22.8362,-46.646,74.61,8.68
127,afaahiti,69,PF,1686505018,72,-17.75,-149.2833,73.27,19.57
128,beloyarskiy,99,RU,1686504831,97,63.7119,66.6722,38.89,10.25
129,blagoveshchenka,0,RU,1686505018,64,52.8333,79.8667,57.83,6.93
130,takoradi,100,GH,1686505019,74,4.8845,-1.7554,79.25,11.36
131,groesbeek,19,NL,1686505019,26,51.7667,5.9167,85.51,10.36
132,utrik,86,MH,1686505019,80,11.2278,169.8474,81.77,17.2
133,college,75,US,1686505020,42,64.8569,-147.8028,62.58,13.8
134,berriane,0,DZ,1686505020,21,32.8265,3.7669,94.05,9.95
135,khash,57,IR,1686505020,19,28.2211,61.2158,85.17,6.91
136,nuku'alofa,40,TO,1686505020,73,-21.1333,-175.2,71.94,6.91
137,nikel,92,RU,1686505021,40,69.4128,30.222,69.98,8.72
138,ta`u,78,AS,1686505021,79,-14.2336,-169.5144,81.7,14.32
139,mataram,78,ID,1686505021,89,-8.5833,116.1167,76.01,3.36
140,dwarka,100,IN,1686505022,74,22.2394,68.9678,84.6,27.85
141,pembroke,99,CA,1686504791,63,45.8168,-77.1162,71.19,6.82
142,kodiak,75,US,1686505022,87,57.79,-152.4072,45.91,16.11
143,enumclaw,10,US,1686504799,80,47.2043,-121.9915,63.82,5.53
144,wattala,100,LK,1686505023,88,6.9779,79.8898,78.8,8.37
145,nuuk,100,GL,1686505023,87,64.1835,-51.7216,41.61,21.85
146,akrehamn,0,NO,1686505023,42,59.2667,5.1833,64.65,14.97
147,hawaiian paradise park,100,PH,1686505024,83,10.8241,123.0075,79.68,8.81
148,rio gallegos,17,GR,1686505024,70,38.3,21.7833,76.75,4.85
149,kot diji,0,IN,1686505024,27,28.3333,77.1676,91.29,7.34
150,port lincoln,45,CD,1686504999,56,-7.0349,29.7638,78.49,1.79
151,scarborough,61,GB,1686504668,76,54.2797,-0.4044,71.17,5.99
152,kaka,1,TM,1686505025,14,37.3482,59.6143,86.38,5.03
153,fort bragg,18,NL,1686505025,59,52.6517,6.3861,83.98,11.36
154,olonkinbyen,100,SJ,1686505025,95,70.9221,-8.7187,35.29,17.25
155,les anglais,79,ES,1686505026,92,42.8108,0.7105,64.27,3.53
156,santana,20,BR,1686505026,74,-0.0583,-51.1817,86.18,11.5
157,taulaga,66,AS,1686505026,78,-11.0553,-171.0883,83.46,18.07
158,santa cecilia,100,PH,1686505026,89,17.486,120.4348,77.2,6.29
159,tchintabaraden,37,NE,1686505027,34,15.8969,5.7985,94.37,12.57
160,acajutla,71,SV,1686505027,71,13.5928,-89.8275,86.67,8.23
161,puerto baquerizo moreno,0,ES,1686505028,60,36.5939,-6.233,79.61,17.27
162,shalya,51,RU,1686505028,70,57.2471,58.7298,40.24,3.15
163,nova sintra,56,BR,1686505028,46,-5.5279,-46.7049,89.02,4.14
164,dolbeau-mistassini,68,CA,1686505028,51,48.8763,-72.212,70.27,3.58
165,murun-kuren,97,MN,1686505028,89,49.6342,100.1625,61.29,5.53
166,tolanaro,20,MG,1686505029,88,-25.0319,46.9987,68.07,0.0
167,cidreira,100,BR,1686505029,84,-30.1811,-50.2056,56.16,9.55
168,tanque verde,40,PH,1686505029,83,10.2511,123.8606,82.45,3.44
169,talnakh,72,RU,1686505029,65,69.4865,88.3972,49.21,9.91
170,hithadhoo,79,MV,1686505030,73,-0.6,73.0833,83.25,5.93
171,ainaro,100,TL,1686505030,85,-8.9924,125.5082,61.74,3.71
172,benguela,45,AO,1686505030,85,-12.5763,13.4055,69.87,2.26
173,crane,0,US,1686505030,21,31.3974,-102.3501,95.25,6.8
174,mainvilliers,61,FR,1686505031,87,48.45,1.4561,70.9,11.39
175,luderitz,0,NA,1686505031,85,-26.6481,15.1594,55.24,2.59
176,magadan,87,RU,1686505031,91,59.5667,150.8,43.5,2.26
177,sechura,90,PE,1686505031,62,-5.5569,-80.8222,80.96,9.19
178,illela,21,NG,1686505031,30,13.7292,5.2975,98.2,3.58
179,chinchilla,21,AU,1686505032,89,-26.75,150.6333,53.74,7.54
180,nishinoomote,98,JP,1686505032,95,30.7333,131.0,73.78,14.76
181,saint-denis,75,FR,1686505032,70,48.9167,2.3333,77.77,11.5
182,mount pearl,67,GB,1686505033,64,53.6597,-1.8537,75.69,7.16
183,mandiana,98,GN,1686505033,57,10.6333,-8.6833,86.0,5.32
184,chancay,51,PE,1686505033,70,-11.5714,-77.2672,72.14,9.66
185,tazovsky,100,RU,1686505033,96,67.4667,78.7,46.67,9.13
186,ambilobe,78,MG,1686505034,73,-13.2,49.05,72.82,3.58
187,mizdah,1,LY,1686505034,39,31.4451,12.9801,82.98,21.32
188,qaqortoq,5,GL,1686505034,68,60.7167,-46.0333,43.41,6.82
189,meadow lake,18,US,1686505034,48,45.5291,-102.2163,64.62,8.9
190,pacific grove,100,US,1686505035,93,38.482,-90.7415,68.38,5.99
191,binubusan,100,PH,1686505035,81,13.9628,120.6377,80.87,8.43
192,villa gesell,56,IT,1686505035,70,46.2039,10.1339,75.74,2.89
193,price,0,US,1686505036,27,39.5994,-110.8107,74.46,5.75
194,alofi,88,NU,1686505036,94,-19.0595,-169.9187,73.29,8.05
195,tsiombe,23,MG,1686505036,87,-25.3,45.4833,64.98,4.54
196,manta,40,EC,1686504865,89,-0.95,-80.7333,83.98,17.0
197,grand falls-windsor,70,US,1686505038,17,38.8755,-109.5012,82.94,4.92
198,barcelos,72,PT,1686505038,68,41.5388,-8.6151,73.85,2.84
199,chinhoyi,43,ZW,1686505038,40,-17.3667,30.2,65.37,5.35
200,floro,0,NO,1686505038,45,61.5996,5.0328,71.67,4.61
201,peace river,100,UA,1686505039,95,48.3083,38.0721,59.14,13.78
202,novomykolayivka,100,UA,1686505039,94,47.9781,35.9102,58.75,12.08
203,malabar,1,AU,1686505039,87,-33.9667,151.25,50.0,8.05
204,stanley,0,GB,1686505039,71,54.868,-1.6985,73.27,8.05
205,lihue,20,US,1686505040,81,21.9789,-159.3672,76.59,11.5
206,bamboo flat,73,JM,1686505040,67,18.3922,-77.2643,80.4,13.09
207,saint-francois,100,FR,1686505040,60,46.4154,3.9054,69.24,10.36
208,mata-utu,12,WF,1686505040,79,-13.2816,-176.1745,82.9,18.75
209,lompoc,100,US,1686505041,79,34.6391,-120.4579,64.78,6.91
210,bel ombre,99,AL,1686505041,90,41.5027,20.0446,71.56,2.13
211,tyre,8,LB,1686505041,80,33.2733,35.1939,76.12,1.14
212,lazaro cardenas,53,DO,1686505041,55,19.4558,-71.3261,93.0,2.71
213,coquimbo,0,CL,1686504884,72,-29.9533,-71.3436,58.73,11.5
214,nar'yan-mar,96,RU,1686505042,63,67.6713,53.087,37.63,11.07
215,klyuchi,0,RU,1686505042,57,52.2667,79.1667,59.76,5.77
216,sos'va,39,RU,1686505043,58,59.1766,61.8558,43.88,9.82
217,lijiang,100,CN,1686504992,98,26.8688,100.2207,53.11,2.33
218,ataq,74,YE,1686505043,39,14.5377,46.8319,83.44,7.36
219,bodden town,91,GB,1686505043,72,51.1954,-2.5161,70.92,5.73
220,bela vista,18,IN,1686505044,21,25.9333,81.9833,99.46,7.25
221,bredasdorp,100,ZA,1686505044,73,-34.5322,20.0403,57.56,8.32
222,rohru,71,IN,1686505044,81,31.2167,77.75,63.09,3.36
223,fort st. john,18,NL,1686505044,59,52.6517,6.3861,83.98,11.36
224,pitimbu,40,BR,1686505045,84,-7.4706,-34.8086,77.59,12.55
225,nikolayevsk-on-amure,100,RU,1686505045,99,53.1406,140.73,46.26,4.47
226,toba,100,JP,1686505045,96,34.4833,136.85,71.6,5.66
227,north bend,63,FR,1686504930,78,50.3333,3.6667,78.15,3.78
228,gulf shores,43,MG,1686505045,92,-21.4315,47.117,56.5,2.3
229,chokwe,0,MZ,1686505046,55,-24.5333,32.9833,68.36,6.85
230,holualoa,40,US,1686505046,90,19.6228,-155.9522,72.5,5.75
231,chibougamau,0,CA,1686505046,63,49.9168,-74.3659,65.82,9.22
232,nouadhibou,1,MR,1686505047,48,20.931,-17.0347,84.18,17.27
233,nizao,63,DO,1686505047,62,18.25,-70.2,91.47,9.75
234,kayangel,91,PW,1686505047,78,8.0823,134.7173,83.86,13.29
235,lensk,99,RU,1686505047,90,60.7253,114.9278,48.63,5.75
236,toga village,56,ES,1686505048,63,40.05,-0.3667,73.22,3.78
237,pueblo,55,US,1686504772,53,38.2545,-104.6091,71.62,1.99
238,bismarck,0,US,1686504809,49,46.8083,-100.7837,69.66,9.22
239,kone,16,NC,1686505048,77,-21.0595,164.8658,63.66,4.79
240,queenstown,0,ZA,1686505048,32,-31.8976,26.8753,51.91,7.87
241,cabo san lucas,30,BR,1686505049,77,-8.2833,-35.0333,75.13,9.31
242,constantia,86,RO,1686505049,74,44.1833,28.65,70.7,9.73
243,tromso,75,NO,1686505049,87,69.6496,18.957,49.37,27.63
244,sao jose de ribamar,100,IN,1686505050,55,20.5113,76.2129,82.09,13.22
245,uribia,98,CO,1686505050,48,11.7139,-72.266,93.04,20.8
246,centerville,100,US,1686505050,94,39.6284,-84.1594,68.25,8.05
247,alice springs,0,US,1686505050,55,27.7523,-98.0697,96.24,14.97
248,mossel bay,21,NL,1686505050,55,52.1104,6.367,84.58,11.54
249,arteche,95,PH,1686505051,90,12.2645,125.4048,78.01,6.2
250,pahrump,98,US,1686505051,33,36.2083,-115.9839,79.52,11.01
251,zakynthos,20,GR,1686505051,61,37.7914,20.8953,78.12,5.75
252,aljezur,72,PT,1686505051,71,37.3191,-8.8033,69.4,6.13
253,port saint john's,45,CD,1686504985,56,-7.0349,29.7638,78.49,1.79
254,shimoda,100,JP,1686505052,94,34.6667,138.95,69.1,1.41
255,okhotsk,68,RU,1686505052,93,59.3833,143.3,41.5,3.47
256,udachny,100,RU,1686505052,100,66.4167,112.4,32.45,16.06
257,at-bashi,97,KG,1686505053,66,41.1702,75.8106,60.96,3.83
258,mount gambier,67,GB,1686505033,64,53.6597,-1.8537,75.69,7.16
259,turtas,14,RU,1686505053,73,58.9417,69.1325,42.44,6.24
260,maragogi,9,BR,1686505054,80,-9.0122,-35.2225,79.29,7.54
261,tobi village,35,NG,1686505054,30,13.2864,4.8824,98.42,1.74
262,mazagao,9,BR,1686505054,56,-0.115,-51.2894,86.05,5.66
263,chernomorskoye,75,UA,1686505055,89,45.5039,32.6997,66.25,22.06
264,red hill,46,TJ,1686505055,64,37.9709,71.73,64.62,3.24
265,marsh harbour,66,GB,1686505056,64,53.6512,-1.8078,76.78,7.74
266,meadow lakes,18,US,1686505034,48,45.5291,-102.2163,64.62,8.9
267,severo-yeniseyskiy,0,RU,1686505056,66,60.3725,93.0408,40.98,4.21
268,iecava,4,LV,1686505056,55,56.5986,24.2022,64.22,2.37
269,peniche,52,PT,1686505057,84,39.3558,-9.3811,75.07,9.08
270,zelenoborskiy,68,RU,1686505057,62,66.845,32.3622,57.49,4.12
271,opuwo,0,NA,1686505057,35,-18.0607,13.84,66.51,8.14
272,buncrana,78,IE,1686505057,81,55.1333,-7.45,69.57,2.46
273,kombissiri,84,BF,1686505058,40,12.0656,-1.3375,87.78,8.46
274,yatou,69,CN,1686505058,88,37.15,122.3833,62.26,2.06
275,saint-pierre,0,RE,1686505058,78,-21.3393,55.4781,73.08,3.44
276,portland,40,US,1686504967,67,45.5234,-122.6762,72.0,3.44
277,aiquile,32,BO,1686505059,41,-18.2041,-65.1807,70.9,8.37
278,teruel,96,ES,1686505059,88,40.6667,-0.6667,56.12,7.07
279,tres palos,20,IT,1686505059,66,46.3231,11.0969,74.01,5.75
280,aswan,0,EG,1686505059,15,24.0934,32.907,97.9,10.36
281,pudozh,38,RU,1686505059,63,61.8099,36.5345,52.14,5.21
282,egilsstadir,0,IS,1686505060,26,65.2653,-14.3948,66.11,16.11
283,happy valley-goose bay,40,US,1686505061,69,35.1654,-91.6443,86.18,3.44
284,wad az zaki,17,RU,1686505061,74,55.5301,44.2114,48.15,4.25
285,ugoofaaru,88,MV,1686505062,81,5.6667,73.0,83.37,13.8
286,nova vicosa,56,BR,1686505062,46,-5.5279,-46.7049,89.02,4.14
287,safranbolu,96,TR,1686505062,87,41.2508,32.6942,58.87,3.49
288,port alfred,45,CD,1686504999,56,-7.0349,29.7638,78.49,1.79
289,kerikeri,7,NZ,1686505063,94,-35.2268,173.9474,47.17,3.94
290,puerto boyaca,0,ES,1686505028,60,36.5939,-6.233,79.61,17.27
291,rongelap,98,MH,1686505063,80,11.1635,166.8941,81.64,16.44
292,vilyuchinsk,10,RU,1686505063,71,52.9306,158.4028,44.87,8.39
293,hermanus,100,ZA,1686505064,91,-34.4187,19.2345,60.8,14.92
294,chui,9,UY,1686505064,38,-33.6971,-53.4616,56.14,9.78
295,yeppoon,47,AU,1686505064,89,-23.1333,150.7333,62.38,8.84
296,veraval,100,IN,1686505065,75,20.9,70.3667,84.2,24.96
297,myeik,100,MM,1686505366,94,12.4333,98.6,77.32,3.85
298,weno,75,FM,1686505065,83,7.4515,151.8468,82.35,4.61
299,santiago de cao,2,CL,1686504900,62,-33.4569,-70.6483,59.29,4.61
300,minab,32,IR,1686505066,39,27.1467,57.0801,93.87,2.73
301,santa flavia,100,PH,1686505066,89,17.486,120.4348,77.2,6.29
302,shingu,100,JP,1686505066,98,33.7333,135.9833,69.53,1.86
303,henderson,0,US,1686504773,18,36.0397,-114.9819,83.82,20.71
304,san jose village,85,ML,1686504995,49,13.3034,-4.8956,83.05,16.22
305,fauske,100,NO,1686505067,94,67.2588,15.3918,50.04,3.67
306,ji'an,59,CN,1686505067,89,27.1172,114.9793,75.94,2.3
307,barranca,87,PE,1686505067,68,-10.75,-77.7667,73.0,11.43
308,kiuruvesi,62,FI,1686505067,44,63.65,26.6167,64.83,8.66
309,hadibu,92,YE,1686505068,78,12.65,54.0333,83.26,15.55
310,anadyr,100,RU,1686505068,93,64.75,177.4833,39.7,6.71
311,muntok,11,ID,1686505068,87,-2.0667,105.1833,79.38,9.44
312,upington,0,ZA,1686505068,22,-28.4478,21.2561,62.98,5.75
313,kapa'a,20,US,1686505069,86,22.0752,-159.319,77.32,11.5
314,gueckedou,95,GN,1686505069,95,8.6667,-10.25,75.49,3.85
315,okha,99,RU,1686505069,95,53.5739,142.9478,43.5,4.52
316,codrington,17,AU,1686505069,80,-38.2667,141.9667,46.11,11.05
317,rio grande,17,GR,1686505028,70,38.3,21.7833,76.75,4.85
318,columbia falls,40,US,1686505026,53,34.0007,-81.0348,87.44,16.11
319,callao,100,PE,1686505070,64,-12.0667,-77.15,77.72,8.05
320,nogliki,91,RU,1686505070,97,51.8333,143.1667,47.07,4.81
321,katsuren-haebaru,100,JP,1686505071,97,26.3369,127.8719,79.18,0.0
322,maceio,75,BR,1686505071,69,-9.6658,-35.7353,83.64,12.66
323,watampone,98,ID,1686505071,88,-4.5386,120.3279,76.51,7.63
324,malvik,0,NO,1686505072,62,63.4333,10.6833,62.19,4.61
325,shindand,0,AF,1686505072,19,33.3029,62.1474,81.34,25.99
326,doka,99,SD,1686505072,59,13.5167,35.7667,82.18,6.96
327,coahuayana de hidalgo,25,MX,1686505072,46,18.7333,-103.6833,93.13,7.58
328,khorinsk,28,RU,1686505072,49,52.1657,109.7726,63.54,1.5
329,karratha,0,AU,1686505073,30,-20.7377,116.8463,67.93,8.28
330,claveria,95,PH,1686505073,78,18.6074,121.0832,80.22,6.42
331,toliara,0,MG,1686505073,84,-23.35,43.6667,69.91,8.95
332,kourou,100,GF,1686505073,73,5.1552,-52.6478,87.85,7.47
333,san antonio oeste,85,ML,1686504995,49,13.3034,-4.8956,83.05,16.22
334,kruisfontein,6,ZA,1686505074,76,-34.0033,24.7314,54.88,1.01
335,sovetskiy,97,RU,1686505074,69,61.3614,63.5842,41.59,13.4
336,beberibe,5,BR,1686505074,71,-4.1797,-38.1306,82.9,10.07
337,greenville,40,US,1686505075,46,35.6127,-77.3663,85.95,9.22
338,sao bento,100,IN,1686505075,55,20.5113,76.2129,82.09,13.22
339,sandnessjoen,75,NO,1686505075,92,66.0217,12.6316,57.72,11.5
340,zdolbuniv,100,UA,1686505075,77,50.5206,26.2425,51.1,15.66
341,zaozersk,91,RU,1686505076,56,69.4005,32.4476,58.91,3.0
342,puerto armuelles,0,ES,1686505076,60,36.5939,-6.233,79.61,17.27
343,hood river,40,US,1686505076,60,32.4335,-97.867,93.34,9.22
344,kosiv,100,UA,1686505076,99,48.3107,25.0958,51.28,5.44
345,gambela,96,ET,1686505077,94,8.25,34.5833,71.8,2.28
346,vorkuta,100,RU,1686505077,77,67.5,64.0,35.71,21.45
347,qarqaraly,9,KZ,1686505077,62,49.4058,75.4742,54.0,2.71
348,novotroitsk,60,RU,1686505077,51,51.203,58.3266,70.5,3.6
349,cacu,4,BR,1686505078,24,-18.5567,-51.1308,90.14,6.76
350,prince rupert,23,CA,1686505078,39,52.9669,-108.3847,77.16,10.58
351,palikir - national government center,75,FM,1686505078,78,6.9248,158.1611,81.34,4.61
352,northam,83,GB,1686505078,87,51.0333,-4.2167,63.39,7.9
353,aykhal,100,RU,1686505079,98,66.0,111.5,32.58,18.97
354,la'ie,39,US,1686505079,76,21.6477,-157.9253,80.56,5.01
355,merta,0,IN,1686505079,28,26.65,74.0333,95.52,11.25
356,castro,3,BR,1686505079,49,-24.7911,-50.0119,74.12,9.33
357,san-pedro,100,CI,1686505079,87,4.7485,-6.6363,76.91,8.57
358,cotacachi,49,EC,1686505080,63,0.3,-78.2667,72.95,5.21
359,pariaman,20,ID,1686505080,86,-0.619,100.12,78.85,3.22
360,mccook,75,US,1686504798,70,40.2019,-100.6257,70.25,13.8
361,oranjemund,1,NA,1686505080,79,-28.55,16.4333,56.97,8.16
362,san jose de las lajas,85,ML,1686505081,49,13.3034,-4.8956,83.05,16.22
363,qarazhal,44,KZ,1686505081,33,48.0078,70.7903,68.23,10.09
364,amahai,100,ID,1686505081,90,-3.3333,128.9167,81.0,2.08
365,kismayo,80,SO,1686505081,78,-0.3582,42.5454,78.93,14.36
366,sitangkai,69,PH,1686505082,79,4.6628,119.3928,82.9,8.75
367,douglas,100,US,1686505082,78,41.3,-96.167,65.52,12.66
368,ndele,48,CF,1686505082,75,8.4109,20.6473,77.31,3.42
369,paphos,40,CY,1686504938,78,34.7667,32.4167,73.18,5.75
370,trincomalee,26,LK,1686505083,74,8.5711,81.2335,83.35,19.84
371,bhaisa,98,IN,1686505083,61,19.1,77.9667,83.73,18.03
372,khovd,83,MN,1686505084,40,48.0056,91.6419,71.85,2.75
373,beira,0,MZ,1686505084,83,-19.8436,34.8389,75.29,9.22
374,valparaiso,0,CL,1686505084,63,-33.0393,-71.6273,59.0,11.5
375,polyany,76,RU,1686505085,60,54.7122,39.8231,51.91,7.54
376,verdal,99,NO,1686505085,68,63.7933,11.4817,62.64,2.46
377,ola,91,RU,1686505085,93,59.5833,151.2833,42.35,2.62
378,san andres,85,ML,1686505086,49,13.3034,-4.8956,83.05,16.22
379,aitape,96,PG,1686505086,87,-3.1374,142.3475,78.57,6.6
380,sherborne,40,GB,1686505086,70,50.95,-2.5,72.79,5.75
381,palm valley,52,AT,1686505087,89,47.6428,16.1094,63.77,5.99
382,salalah,40,OM,1686505087,84,17.0151,54.0924,86.09,5.75
383,mariental,9,NA,1686505087,23,-24.6333,17.9667,65.75,17.58
384,morogoro,40,TZ,1686505088,83,-6.8167,37.6667,71.78,0.0
385,bol,87,TD,1686505088,70,13.4586,14.7147,82.51,8.55
386,soio,80,AO,1686505088,86,-6.1349,12.3689,74.05,6.82
387,abepura,40,ID,1686505089,89,-2.6333,140.5833,77.81,5.75
388,luau,24,AO,1686505089,37,-10.7073,22.2247,69.57,1.99
389,bunia,100,CD,1686505089,92,1.5667,30.25,64.47,1.68
390,eyl,80,SO,1686505089,79,7.9803,49.8164,79.83,23.51
391,kavaratti,100,IN,1686505090,77,10.5669,72.642,85.42,20.33
392,sadaseopet,50,IN,1686505090,56,17.6167,77.95,84.52,9.22
393,cassilandia,1,BR,1686505090,25,-19.1133,-51.7342,88.52,5.39
394,dudinka,75,RU,1686505090,51,69.4058,86.1778,49.62,16.84
395,bemidji,0,US,1686505091,39,47.4736,-94.8803,68.56,10.36
396,ippy,84,CF,1686505091,61,6.2679,21.2247,78.1,1.48
397,waingapu,73,ID,1686505091,89,-9.6567,120.2641,75.72,10.63
398,sebastopol,30,UA,1686505091,61,44.6,33.5333,66.0,3.0
399,new norfolk,85,LR,1686505092,92,6.6518,-10.5932,76.98,4.32
400,yelovo,22,RU,1686505092,64,57.0538,54.9207,44.64,6.4
401,mount isa,67,GB,1686505092,64,53.6597,-1.8537,75.69,7.16
402,parakou,94,BJ,1686505092,85,9.3372,2.6303,75.58,8.84
403,kuopio,0,FI,1686505093,35,62.8924,27.677,69.75,6.91
404,vicuna,100,CL,1686505093,42,-30.0319,-70.7081,72.77,5.73
405,east london,51,IS,1686505093,37,65.0,-15.0,64.15,20.42
406,jinxiang,87,CN,1686505093,89,27.4327,120.6062,74.89,2.17
407,villanueva,20,HN,1686505094,49,15.3167,-88.0,99.03,3.44
408,yuzhno-kurilsk,100,RU,1686505094,99,44.0306,145.8556,51.89,8.34
409,labrador city,100,PH,1686505094,92,16.0281,120.1442,77.59,7.34
410,gadzhiyevo,87,RU,1686505094,49,69.2551,33.3362,61.72,7.2
411,hammerfest,75,NO,1686505095,62,70.6634,23.6821,55.85,16.11
412,puerto lempira,0,ES,1686505095,60,36.5939,-6.233,79.61,17.27
413,shipunovo,0,RU,1686505095,74,52.1582,82.2173,53.26,8.5
414,robertsport,82,LR,1686505096,82,6.7533,-11.3686,79.81,10.42
415,boyes hot springs,94,US,1686505096,47,45.268,-105.0311,66.2,13.22
416,ujae,99,MH,1686505096,77,8.9322,165.7642,82.78,18.21
417,tommot,83,RU,1686505096,76,58.9564,126.2925,63.7,2.37
418,jabat,100,MH,1686505096,77,7.75,168.9751,82.62,19.24
419,guarapari,4,BR,1686505097,67,-20.6667,-40.4975,83.89,9.6
420,moyale,83,KE,1686505097,65,3.5167,39.0584,69.73,4.16
421,batticaloa,84,LK,1686505097,69,7.7102,81.6924,83.64,5.46
422,kalemie,48,CD,1686505098,66,-5.9475,29.1947,73.74,0.43
423,dakhla,0,EH,1686505098,73,23.6848,-15.958,75.22,20.71
424,tindouf,0,DZ,1686505098,14,27.6711,-8.1474,95.45,20.71
425,sakaraha,0,MG,1686505098,85,-22.9,44.5333,62.89,4.25
426,black point,89,US,1686505099,63,31.0093,-85.7444,91.2,6.93
427,turpan,19,CN,1686505011,8,42.9333,89.1667,100.81,5.21
428,santa elena de uairen,100,PH,1686505099,89,17.486,120.4348,77.2,6.29
429,manicore,40,BR,1686505099,70,-5.8092,-61.3003,87.75,6.91
430,chabahar,13,IR,1686505100,79,25.2919,60.643,85.57,3.27
431,serchhip,83,IN,1686505100,97,23.3,92.8333,66.83,1.92
432,palmer,75,US,1686505100,41,42.1584,-72.3287,82.67,5.75
433,thinadhoo,56,MV,1686505101,74,0.5333,72.9333,83.41,6.38
434,lorengau,41,PG,1686505101,80,-2.0226,147.2712,81.3,7.23
435,sompeta,45,IN,1686505101,61,18.9333,84.6,88.45,9.26
436,kalawit,97,PH,1686505101,93,8.0667,122.5167,77.32,6.35
437,shiyan,100,CN,1686505101,93,32.6475,110.7781,68.52,0.07
438,kavieng,31,PG,1686505102,80,-2.5744,150.7967,81.97,11.16
439,moyynkum,41,KZ,1686505102,17,44.2914,72.9469,76.64,22.08
440,san luis de la loma,85,ML,1686504995,49,13.3034,-4.8956,83.05,16.22
441,christchurch,43,NZ,1686505102,85,-43.5333,172.6333,44.94,8.05
442,yinchuan,96,CN,1686505103,20,38.4681,106.2731,72.73,8.9
443,sept-iles,75,CA,1686505103,67,50.2001,-66.3821,66.72,13.8
444,rumonge,100,BI,1686505103,70,-3.9736,29.4386,74.28,4.76
445,tanabe,100,JP,1686505103,98,33.7333,135.3667,69.75,4.27
446,siracusa,66,IT,1686505103,75,37.0881,15.2792,76.37,1.72
447,neiafu,75,TO,1686505104,88,-18.65,-173.9833,74.08,4.61
448,mont-laurier,96,CA,1686505104,54,46.5501,-75.4993,69.42,4.41
449,ballina,2,AU,1686505104,88,-28.8667,153.5667,51.78,5.64
450,luganville,99,VU,1686505104,87,-15.5333,167.1667,75.78,13.35
451,pokhara,60,NP,1686505105,47,28.2333,83.9833,78.64,6.11
452,kiunga,98,PG,1686505105,100,-6.1219,141.2906,72.99,2.08
453,basco,99,PH,1686505105,83,20.4487,121.9702,82.9,25.77
454,yemetsk,97,RU,1686505106,71,63.4721,41.7941,51.75,4.41
455,isangel,30,VU,1686505106,75,-19.55,169.2667,69.24,11.23
456,agacoren,78,TR,1686505106,78,38.8748,33.9167,60.57,1.05
457,ayorou,97,NE,1686505106,26,14.7308,0.9174,101.3,0.18
458,bandarbeyla,85,SO,1686505107,80,9.4942,50.8122,79.48,29.26
459,roma,20,US,1686504890,46,43.2128,-75.4557,81.68,6.91
460,ilhabela,8,BR,1686505072,46,-23.7781,-45.3581,84.27,5.82
461,usogorsk,99,RU,1686505107,66,63.4106,48.6872,43.32,1.48
462,suva,75,FJ,1686505107,94,-18.1416,178.4415,69.28,0.0
463,trairi,14,BR,1686505108,64,-3.2778,-39.2689,84.6,13.33
464,gaspe,20,CA,1686505108,40,48.8334,-64.4819,73.62,10.36
465,tucurui,21,BR,1686504907,67,-3.7661,-49.6725,85.3,5.53
466,hobyo,98,SO,1686505108,84,5.3505,48.5268,79.59,27.07
467,syas'stroy,12,RU,1686505109,52,60.1367,32.5691,52.47,1.83
468,auki,18,SB,1686505109,87,-8.7676,160.7034,77.68,3.74
469,viedma,0,AR,1686505013,46,-40.8135,-62.9967,50.63,17.6
470,antsohihy,0,MG,1686505109,81,-14.8796,47.9875,69.01,2.1
471,solleftea,86,SE,1686505110,34,63.1667,17.2667,64.26,5.95
472,saipan,40,MP,1686505110,100,15.1355,145.701,81.3,13.0
473,riberalta,40,BO,1686505110,58,-10.9833,-66.1,89.8,9.22
474,shubarshi,81,KZ,1686505110,26,48.5872,57.1869,76.24,8.77
475,arno,3,SE,1686505110,45,60.1167,18.6333,54.79,12.75
476,gizo,55,SB,1686505111,79,-8.103,156.8419,81.34,5.61
477,oyama,100,JP,1686505111,95,36.3,139.8,69.35,2.26
478,nha trang,66,NP,1686505111,88,27.9145,86.719,40.23,2.33
479,sinabang,77,ID,1686505111,84,2.4803,96.3801,80.42,3.36
480,ghatampur,15,IN,1686505112,23,26.1667,80.1667,99.0,6.44
481,fabens,19,US,1686505112,17,31.5023,-106.1586,88.92,6.24
482,kamaishi,100,JP,1686505112,97,39.2667,141.8833,62.82,2.26
483,novodvinsk,99,RU,1686505112,69,64.4165,40.8122,51.6,6.76
484,vylkove,100,UA,1686505113,76,45.4021,29.586,65.3,14.67
485,serenje,31,ZM,1686505113,57,-13.2325,30.2352,59.4,4.59
486,blagodarnyy,75,RU,1686505113,76,45.0978,43.4364,69.24,5.95
487,maintirano,0,MG,1686505113,70,-18.0667,44.0167,74.73,11.97
488,lepsy,0,KZ,1686505114,39,46.235,78.9456,67.68,19.86
489,amga,95,RU,1686505114,77,60.8953,131.9608,55.11,5.03
490,miyaly,97,KZ,1686505115,21,48.8844,53.7836,81.19,10.89
491,bushehr,0,IR,1686505115,49,28.9684,50.8385,93.29,16.11
492,newman,51,US,1686505115,10,37.3138,-121.0208,75.02,3.4
493,tomatlan,74,MX,1686505043,47,19.9333,-105.25,92.61,9.4
494,kencong,70,ID,1686505115,93,-8.2833,113.3667,74.77,0.87
495,cockburn town,78,AU,1686505116,59,-32.0833,141.0,52.09,7.11
496,paris,100,FR,1686505159,70,48.8534,2.3488,77.77,11.5
497,arica,100,CL,1686505116,56,-18.475,-70.3042,70.03,8.05
498,lautoka,75,FJ,1686505117,78,-17.6167,177.4667,71.46,6.91
499,tanggu,44,CN,1686505117,70,39.0211,117.6469,67.96,4.03
500,prince george,23,CA,1686505078,39,52.9669,-108.3847,77.16,10.58
501,kendari,100,ID,1686505117,95,-3.945,122.4989,74.23,2.95
502,kirakira,94,SB,1686505118,86,-10.4544,161.9205,79.3,7.4
503,duderstadt,10,DE,1686505118,65,51.5131,10.2595,77.85,5.93
504,belyy yar,2,RU,1686505118,61,55.8402,32.9419,51.3,5.39
505,baruun-urt,71,MN,1686505118,52,46.6806,113.2792,56.75,3.85
506,megalopoli,18,GR,1686505119,81,37.4011,22.1422,73.85,3.33
507,gamba,97,GA,1686505119,88,-2.65,10.0,74.46,6.33
508,cole harbour,100,US,1686505119,82,38.5003,-92.2835,67.51,9.22
509,mersa matruh,50,IT,1686505119,78,46.5549,11.8659,65.17,2.21
510,tanout,49,NE,1686505120,32,14.9709,8.8879,94.71,5.64
511,riohacha,40,CO,1686505120,58,11.5444,-72.9072,91.51,14.97
512,kayyerkan,82,RU,1686505120,53,69.3786,87.7439,49.3,11.1
513,tchibanga,86,GA,1686505121,93,-2.85,11.0333,71.78,5.01
514,naze,15,JP,1686505121,89,28.3667,129.4833,72.52,2.73
515,torghay,96,KZ,1686505121,27,49.6339,63.4981,73.83,7.85
516,quesnel,0,CA,1686505121,59,52.9999,-122.5029,64.9,2.3
517,macapa,20,BR,1686505122,74,0.0389,-51.0664,85.98,11.5
518,mukalla,100,YE,1686505122,55,14.5425,49.1242,93.7,3.85
519,huarmey,67,PE,1686505122,68,-10.0681,-78.1522,75.76,11.32
520,kuching,20,MY,1686505123,94,1.55,110.3333,79.02,1.14
521,brookings,0,US,1686505123,52,44.3114,-96.7984,65.17,5.99
522,talakan,74,RU,1686505123,91,50.3167,130.3667,60.24,1.77
523,kalajoki,31,FI,1686505123,43,64.25,23.95,55.9,13.47
524,manat,99,PH,1686505123,98,7.5327,126.0173,73.8,2.39
525,villa regina,56,IT,1686505035,70,46.2039,10.1339,75.74,2.89
526,ambon,40,ID,1686505124,41,-3.6954,128.1814,80.87,4.61
527,sisimiut,96,GL,1686505124,89,66.9395,-53.6735,37.0,17.9
528,glace bay,93,US,1686505124,41,37.6771,-80.3434,79.36,1.01
529,manokwari,100,ID,1686505125,90,-0.8667,134.0833,75.67,6.11
530,saldanha,100,ZA,1686505125,90,-33.0117,17.9442,55.45,12.37
531,pitalito,28,CO,1686505125,58,1.8497,-76.0479,79.18,3.85
532,luwuk,83,ID,1686505125,83,-0.9516,122.7875,78.21,5.57
533,taltal,73,CL,1686505126,85,-25.4,-70.4833,59.2,10.56
534,kulhudhuffushi,93,MV,1686505126,81,6.6221,73.07,83.64,17.27
535,cidade velha,53,PT,1686505126,70,39.4618,-9.1928,74.07,7.0
536,kaduy,87,RU,1686505126,58,59.2,37.15,53.44,1.25
537,novo aripuana,13,CU,1686505126,61,22.7847,-82.2251,89.94,13.85
538,shizunai-furukawacho,100,JP,1686505127,93,42.3339,142.3669,58.06,1.54
539,aripuana,66,BR,1686505127,45,-9.1667,-60.6333,92.05,1.92
540,longido,43,TZ,1686505127,45,-2.7333,36.6833,67.26,6.93
541,quthing,0,LS,1686505127,35,-30.4,27.7003,48.31,6.89
542,gereida,72,SD,1686505128,42,11.2811,25.1414,88.29,6.15
543,bardai,82,NG,1686505128,54,11.65,7.2333,84.2,8.95
544,igarka,100,RU,1686505129,42,67.4667,86.5833,52.43,19.71
545,prien,40,US,1686505129,67,30.1819,-93.2738,88.99,18.41
546,polyarnyy,87,RU,1686505129,47,69.1989,33.4478,63.64,7.25
547,mount carmel,67,GB,1686505092,64,53.6597,-1.8537,75.69,7.16
548,camabatela,98,AO,1686505130,91,-8.1881,15.375,65.55,2.28
549,oltinko'l,67,UZ,1686505130,35,40.8011,72.1634,83.43,2.8
